Product Name,Over_All_Rating,Price,Date,Rating,Name,Comment
Buy U.S. Polo Assn. Denim Co. Shawn Relaxed Fit Jeans  - Jeans for Men 33854005 | Myntra,3.9,MRP₹ 3299,1 Aug 2025,5,Kranti Prakash,Good
Buy U.S. Polo Assn. Denim Co. Shawn Relaxed Fit Jeans  - Jeans for Men 33854005 | Myntra,3.9,MRP₹ 3299,29 May 2025,5,Harsh Baliyan,Good 
Buy U.S. Polo Assn. Denim Co. Shawn Relaxed Fit Jeans  - Jeans for Men 33854005 | Myntra,3.9,MRP₹ 3299,3 Aug 2025,5,Jamir,"I really liked this product. Fabric quality is top notch, soft in touch. Perfect fit, just what I was looking for. If you looking for relaxed straight fit, don't think go for it. The product won't disappoint. USPA Shawn edition, one of the best. "
Buy U.S. Polo Assn. Denim Co. Shawn Relaxed Fit Jeans  - Jeans for Men 33854005 | Myntra,3.9,MRP₹ 3299,1 Aug 2025,5,Nirmal,"Quality of cloth was good 

"
Buy U.S. Polo Assn. Denim Co. Shawn Relaxed Fit Jeans  - Jeans for Men 33854005 | Myntra,3.9,MRP₹ 3299,9 July 2025,5,Alvin,Fantastic product 
